/*
SQLyog Ultimate v11.11 (64 bit)
MySQL - 5.6.24 : Database - movie
*********************************************************************
*/

/*!40101 SET NAMES utf8 */;

/*!40101 SET SQL_MODE=''*/;

/*!40014 SET @OLD_UNIQUE_CHECKS=@@UNIQUE_CHECKS, UNIQUE_CHECKS=0 */;
/*!40014 SET @OLD_FOREIGN_KEY_CHECKS=@@FOREIGN_KEY_CHECKS, FOREIGN_KEY_CHECKS=0 */;
/*!40101 SET @OLD_SQL_MODE=@@SQL_MODE, SQL_MODE='NO_AUTO_VALUE_ON_ZERO' */;
/*!40111 SET @OLD_SQL_NOTES=@@SQL_NOTES, SQL_NOTES=0 */;
CREATE DATABASE /*!32312 IF NOT EXISTS*/`movie` /*!40100 DEFAULT CHARACTER SET utf8 */;

USE `movie`;

/*Table structure for table `admin` */

DROP TABLE IF EXISTS `admin`;

CREATE TABLE `admin` (
  `id` int(11) NOT NULL AUTO_INCREMENT,
  `name` varchar(100) DEFAULT NULL,
  `pwd` varchar(100) DEFAULT NULL,
  `is_super` smallint(6) DEFAULT NULL,
  `role_id` int(11) DEFAULT NULL,
  `addtime` datetime DEFAULT NULL,
  PRIMARY KEY (`id`),
  UNIQUE KEY `name` (`name`),
  KEY `role_id` (`role_id`),
  KEY `ix_admin_addtime` (`addtime`),
  CONSTRAINT `admin_ibfk_1` FOREIGN KEY (`role_id`) REFERENCES `role` (`id`)
) ENGINE=InnoDB AUTO_INCREMENT=10 DEFAULT CHARSET=utf8;

/*Data for the table `admin` */

insert  into `admin`(`id`,`name`,`pwd`,`is_super`,`role_id`,`addtime`) values (1,'admin','pbkdf2:sha256:150000$M4jwXSBY$0ed054c9650b9a28c948e263361c75ec1c6fd4e35806bdf472a1fc96e23e01d9',0,1,'2019-05-19 07:53:09'),(2,'test1','pbkdf2:sha256:150000$znPu40Zk$6c26ca0e1a0d3e9b2881ee5f2250475345038d25532561d51b820ceb1fcdbcb0',1,1,'2019-06-19 20:55:11'),(6,'TEST2','pbkdf2:sha256:150000$GMnIzqtZ$797438c17874cc40a5d7bb2e7b6b0c2857e9f1887982eb65cdd786b50526b5cf',1,1,'2019-06-19 21:10:03'),(8,'terst3','pbkdf2:sha256:150000$cezCawTz$646aa0aae8cc34ae376e77b344f15741467908aec0d62d49077fde32f3ee2632',0,1,'2019-06-19 21:10:39'),(9,'test5','pbkdf2:sha256:150000$WQT7ZOxu$1c5e87a05aef0a26aa236f7133222884150f043622a6e972305bd2e74387c427',1,1,'2019-06-19 21:33:28');

/*Table structure for table `adminlog` */

DROP TABLE IF EXISTS `adminlog`;

CREATE TABLE `adminlog` (
  `id` int(11) NOT NULL AUTO_INCREMENT,
  `admin_id` int(11) DEFAULT NULL,
  `ip` varchar(100) DEFAULT NULL,
  `addtime` datetime DEFAULT NULL,
  PRIMARY KEY (`id`),
  KEY `admin_id` (`admin_id`),
  KEY `ix_adminlog_addtime` (`addtime`),
  CONSTRAINT `adminlog_ibfk_1` FOREIGN KEY (`admin_id`) REFERENCES `admin` (`id`)
) ENGINE=InnoDB AUTO_INCREMENT=26 DEFAULT CHARSET=utf8;

/*Data for the table `adminlog` */

insert  into `adminlog`(`id`,`admin_id`,`ip`,`addtime`) values (1,1,'127.0.0.1','2019-06-17 22:32:44'),(2,1,'127.0.0.1','2019-06-19 16:16:02'),(3,1,'127.0.0.1','2019-06-19 18:29:14'),(4,1,'127.0.0.1','2019-06-19 18:33:49'),(5,1,'127.0.0.1','2019-06-19 18:34:15'),(6,1,'127.0.0.1','2019-06-19 19:14:03'),(7,1,'127.0.0.1','2019-06-19 19:38:17'),(8,1,'127.0.0.1','2019-06-19 20:09:37'),(9,1,'127.0.0.1','2019-06-19 22:10:09'),(10,1,'127.0.0.1','2019-06-19 22:10:57'),(11,1,'127.0.0.1','2019-06-19 22:16:41'),(12,1,'127.0.0.1','2019-06-19 22:17:35'),(13,1,'127.0.0.1','2019-06-19 22:17:56'),(14,1,'127.0.0.1','2019-06-19 22:19:01'),(15,1,'127.0.0.1','2019-06-19 22:19:23'),(16,1,'127.0.0.1','2019-06-19 22:19:52'),(17,1,'127.0.0.1','2019-06-19 22:21:40'),(18,1,'127.0.0.1','2019-06-19 22:22:00'),(19,1,'127.0.0.1','2019-06-19 22:24:20'),(20,1,'127.0.0.1','2019-06-19 22:26:42'),(21,1,'127.0.0.1','2019-06-19 22:27:42'),(22,1,'127.0.0.1','2019-06-19 22:29:12'),(23,1,'127.0.0.1','2019-06-19 22:29:36'),(24,1,'127.0.0.1','2019-06-19 22:54:15'),(25,1,'127.0.0.1','2019-06-21 10:39:25');

/*Table structure for table `auth` */

DROP TABLE IF EXISTS `auth`;

CREATE TABLE `auth` (
  `id` int(11) NOT NULL AUTO_INCREMENT,
  `name` varchar(100) DEFAULT NULL,
  `url` varchar(255) DEFAULT NULL,
  `addtime` datetime DEFAULT NULL,
  PRIMARY KEY (`id`),
  UNIQUE KEY `name` (`name`),
  UNIQUE KEY `url` (`url`),
  KEY `ix_auth_addtime` (`addtime`)
) ENGINE=InnoDB AUTO_INCREMENT=3 DEFAULT CHARSET=utf8;

/*Data for the table `auth` */

insert  into `auth`(`id`,`name`,`url`,`addtime`) values (1,'1234344','/admin/tag/add/','2019-06-19 18:43:09'),(2,'456','123','2019-06-19 19:18:18');

/*Table structure for table `comment` */

DROP TABLE IF EXISTS `comment`;

CREATE TABLE `comment` (
  `id` int(11) NOT NULL AUTO_INCREMENT,
  `content` text,
  `movie_id` int(11) DEFAULT NULL,
  `user_id` int(11) DEFAULT NULL,
  `addtime` datetime NOT NULL,
  PRIMARY KEY (`id`),
  KEY `movie_id` (`movie_id`),
  KEY `user_id` (`user_id`),
  CONSTRAINT `comment_ibfk_1` FOREIGN KEY (`movie_id`) REFERENCES `movie` (`id`),
  CONSTRAINT `comment_ibfk_2` FOREIGN KEY (`user_id`) REFERENCES `user` (`id`)
) ENGINE=InnoDB AUTO_INCREMENT=327 DEFAULT CHARSET=utf8;

/*Data for the table `comment` */

insert  into `comment`(`id`,`content`,`movie_id`,`user_id`,`addtime`) values (1,'111',2,1,'2019-06-17 21:48:38'),(2,NULL,2,2,'2019-06-22 11:28:22'),(3,NULL,2,2,'2019-06-22 11:28:22'),(4,NULL,2,2,'2019-06-22 11:28:23'),(5,NULL,2,2,'2019-06-22 11:28:23'),(6,NULL,2,2,'2019-06-22 11:28:23'),(7,NULL,2,2,'2019-06-22 11:28:23'),(8,NULL,2,2,'2019-06-22 11:28:24'),(9,NULL,2,2,'2019-06-22 11:28:24'),(10,NULL,2,2,'2019-06-22 11:28:24'),(11,NULL,2,2,'2019-06-22 11:28:24'),(12,NULL,2,2,'2019-06-22 11:28:25'),(13,NULL,2,2,'2019-06-22 11:28:25'),(14,NULL,2,2,'2019-06-22 11:28:25'),(15,NULL,2,2,'2019-06-22 11:28:25'),(16,NULL,2,2,'2019-06-22 11:28:26'),(17,NULL,2,2,'2019-06-22 11:28:26'),(18,NULL,2,2,'2019-06-22 11:28:26'),(19,NULL,2,2,'2019-06-22 11:28:26'),(20,NULL,2,2,'2019-06-22 11:28:27'),(21,NULL,2,2,'2019-06-22 11:28:27'),(22,NULL,2,2,'2019-06-22 11:28:27'),(23,NULL,2,2,'2019-06-22 11:28:27'),(24,NULL,2,2,'2019-06-22 11:28:27'),(25,NULL,2,2,'2019-06-22 11:28:28'),(26,NULL,2,2,'2019-06-22 11:28:28'),(27,NULL,2,2,'2019-06-22 11:28:28'),(28,NULL,2,2,'2019-06-22 11:28:28'),(29,NULL,2,2,'2019-06-22 11:28:29'),(30,NULL,2,2,'2019-06-22 11:28:29'),(31,NULL,2,2,'2019-06-22 11:28:29'),(32,NULL,2,2,'2019-06-22 11:28:29'),(33,NULL,2,2,'2019-06-22 11:28:30'),(34,NULL,2,2,'2019-06-22 11:28:30'),(35,NULL,2,2,'2019-06-22 11:28:30'),(36,NULL,2,2,'2019-06-22 11:28:30'),(37,NULL,2,2,'2019-06-22 11:28:31'),(38,NULL,2,2,'2019-06-22 11:28:31'),(39,NULL,2,2,'2019-06-22 11:28:31'),(40,NULL,2,2,'2019-06-22 11:28:31'),(41,NULL,2,2,'2019-06-22 11:28:42'),(42,NULL,2,2,'2019-06-22 11:28:42'),(43,NULL,2,2,'2019-06-22 11:28:43'),(44,NULL,2,2,'2019-06-22 11:28:43'),(45,NULL,2,2,'2019-06-22 11:28:43'),(46,NULL,2,2,'2019-06-22 11:28:43'),(47,NULL,2,2,'2019-06-22 11:28:44'),(48,NULL,2,2,'2019-06-22 11:28:44'),(49,NULL,2,2,'2019-06-22 11:28:44'),(50,NULL,2,2,'2019-06-22 11:28:44'),(51,NULL,2,2,'2019-06-22 11:28:45'),(52,NULL,2,2,'2019-06-22 11:28:45'),(53,NULL,2,2,'2019-06-22 11:28:45'),(54,NULL,2,2,'2019-06-22 11:28:46'),(55,NULL,2,2,'2019-06-22 11:28:46'),(56,NULL,2,2,'2019-06-22 11:28:46'),(57,NULL,2,2,'2019-06-22 11:28:46'),(58,NULL,2,2,'2019-06-22 11:28:46'),(59,NULL,2,2,'2019-06-22 11:28:47'),(60,NULL,2,2,'2019-06-22 11:28:47'),(61,NULL,2,2,'2019-06-22 11:33:33'),(62,NULL,2,2,'2019-06-22 11:33:33'),(63,NULL,2,2,'2019-06-22 11:33:33'),(64,NULL,2,2,'2019-06-22 11:33:33'),(65,NULL,2,2,'2019-06-22 11:33:34'),(66,NULL,2,2,'2019-06-22 11:33:34'),(67,NULL,2,2,'2019-06-22 11:33:35'),(68,NULL,2,2,'2019-06-22 11:33:35'),(69,NULL,2,2,'2019-06-22 11:33:35'),(70,NULL,2,2,'2019-06-22 11:33:36'),(71,NULL,2,2,'2019-06-22 11:33:36'),(72,NULL,2,2,'2019-06-22 11:33:36'),(73,NULL,2,2,'2019-06-22 11:33:36'),(74,NULL,2,2,'2019-06-22 11:33:37'),(75,NULL,2,2,'2019-06-22 11:33:37'),(76,NULL,2,2,'2019-06-22 11:33:37'),(77,NULL,2,2,'2019-06-22 11:33:37'),(78,NULL,2,2,'2019-06-22 11:33:38'),(79,NULL,2,2,'2019-06-22 11:33:38'),(80,NULL,2,2,'2019-06-22 11:33:38'),(81,NULL,2,2,'2019-06-22 11:33:38'),(82,NULL,2,2,'2019-06-22 11:33:39'),(83,NULL,2,2,'2019-06-22 11:33:39'),(84,NULL,2,2,'2019-06-22 11:33:39'),(85,NULL,2,2,'2019-06-22 11:34:33'),(86,NULL,2,2,'2019-06-22 11:34:33'),(87,NULL,2,2,'2019-06-22 11:34:34'),(88,NULL,2,2,'2019-06-22 11:34:34'),(89,NULL,2,2,'2019-06-22 11:34:34'),(90,NULL,2,2,'2019-06-22 11:34:35'),(91,NULL,2,2,'2019-06-22 11:34:35'),(92,NULL,2,2,'2019-06-22 11:34:35'),(93,NULL,2,2,'2019-06-22 11:34:35'),(94,NULL,2,2,'2019-06-22 11:34:35'),(95,NULL,2,2,'2019-06-22 11:34:36'),(96,NULL,2,2,'2019-06-22 11:34:36'),(97,NULL,2,2,'2019-06-22 11:34:36'),(98,NULL,2,2,'2019-06-22 11:34:37'),(99,NULL,2,2,'2019-06-22 11:34:37'),(100,NULL,2,2,'2019-06-22 11:34:37'),(101,NULL,2,2,'2019-06-22 11:34:37'),(102,NULL,2,2,'2019-06-22 11:34:38'),(103,NULL,2,2,'2019-06-22 11:34:38'),(104,NULL,2,2,'2019-06-22 11:34:38'),(105,NULL,2,2,'2019-06-22 11:34:42'),(106,NULL,2,2,'2019-06-22 11:34:42'),(107,NULL,2,2,'2019-06-22 11:34:42'),(108,NULL,2,2,'2019-06-22 11:34:43'),(109,NULL,2,2,'2019-06-22 11:34:43'),(110,NULL,2,2,'2019-06-22 11:34:43'),(111,NULL,2,2,'2019-06-22 11:34:43'),(112,NULL,2,2,'2019-06-22 11:34:44'),(113,NULL,2,2,'2019-06-22 11:34:44'),(114,NULL,2,2,'2019-06-22 11:34:44'),(115,NULL,2,2,'2019-06-22 11:34:44'),(116,NULL,2,2,'2019-06-22 11:34:45'),(117,NULL,2,2,'2019-06-22 11:34:45'),(118,NULL,2,2,'2019-06-22 11:34:45'),(119,NULL,2,2,'2019-06-22 11:34:45'),(120,NULL,2,2,'2019-06-22 11:34:46'),(121,NULL,2,2,'2019-06-22 11:34:46'),(122,NULL,2,2,'2019-06-22 11:34:46'),(123,NULL,2,2,'2019-06-22 11:34:46'),(124,NULL,2,2,'2019-06-22 11:34:47'),(125,NULL,2,2,'2019-06-22 11:42:38'),(126,NULL,2,2,'2019-06-22 11:42:38'),(127,NULL,2,2,'2019-06-22 11:42:39'),(128,NULL,2,2,'2019-06-22 11:42:39'),(129,NULL,2,2,'2019-06-22 11:42:39'),(130,NULL,2,2,'2019-06-22 11:42:40'),(131,NULL,2,2,'2019-06-22 11:42:40'),(132,NULL,2,2,'2019-06-22 11:42:40'),(133,NULL,2,2,'2019-06-22 11:42:40'),(134,NULL,2,2,'2019-06-22 11:42:41'),(135,NULL,2,2,'2019-06-22 11:42:41'),(136,NULL,2,2,'2019-06-22 11:42:41'),(137,NULL,2,2,'2019-06-22 11:42:42'),(138,NULL,2,2,'2019-06-22 11:42:42'),(139,NULL,2,2,'2019-06-22 11:42:42'),(140,NULL,2,2,'2019-06-22 11:42:42'),(141,NULL,2,2,'2019-06-22 11:42:43'),(142,NULL,2,2,'2019-06-22 11:42:43'),(143,NULL,2,2,'2019-06-22 11:42:43'),(144,NULL,2,2,'2019-06-22 11:42:43'),(145,NULL,2,2,'2019-06-22 11:48:29'),(146,NULL,2,2,'2019-06-22 11:48:30'),(147,NULL,2,2,'2019-06-22 11:48:30'),(148,NULL,2,2,'2019-06-22 11:48:30'),(149,NULL,2,2,'2019-06-22 11:48:30'),(150,NULL,2,2,'2019-06-22 11:48:31'),(151,NULL,2,2,'2019-06-22 11:48:31'),(152,NULL,2,2,'2019-06-22 11:48:31'),(153,NULL,2,2,'2019-06-22 11:48:31'),(154,NULL,2,2,'2019-06-22 11:48:32'),(155,NULL,2,2,'2019-06-22 11:48:32'),(156,NULL,2,2,'2019-06-22 11:48:32'),(157,NULL,2,2,'2019-06-22 11:48:33'),(158,NULL,2,2,'2019-06-22 11:48:33'),(159,NULL,2,2,'2019-06-22 11:48:33'),(160,NULL,2,2,'2019-06-22 11:48:33'),(161,NULL,2,2,'2019-06-22 11:48:34'),(162,NULL,2,2,'2019-06-22 11:48:34'),(163,NULL,2,2,'2019-06-22 11:48:34'),(164,NULL,2,2,'2019-06-22 11:48:34'),(165,NULL,2,2,'2019-06-23 14:14:45'),(166,NULL,2,2,'2019-06-23 14:14:45'),(167,NULL,2,2,'2019-06-23 14:14:45'),(168,NULL,2,2,'2019-06-23 14:14:45'),(169,NULL,2,2,'2019-06-23 14:14:46'),(170,NULL,2,2,'2019-06-23 14:14:46'),(171,NULL,2,2,'2019-06-23 14:14:46'),(172,NULL,2,2,'2019-06-23 14:14:46'),(173,NULL,2,2,'2019-06-23 14:14:46'),(174,NULL,2,2,'2019-06-23 14:14:47'),(175,NULL,2,2,'2019-06-23 14:14:47'),(176,NULL,2,2,'2019-06-23 14:14:47'),(177,NULL,2,2,'2019-06-23 14:14:48'),(178,NULL,2,2,'2019-06-23 14:14:48'),(179,NULL,2,2,'2019-06-23 14:14:48'),(180,NULL,2,2,'2019-06-23 14:14:48'),(181,NULL,2,2,'2019-06-23 14:14:49'),(182,NULL,2,2,'2019-06-23 14:14:49'),(183,NULL,2,2,'2019-06-23 14:14:49'),(184,NULL,2,2,'2019-06-23 14:14:49'),(185,NULL,2,2,'2019-06-23 14:14:49'),(186,NULL,2,2,'2019-06-23 14:14:50'),(187,NULL,2,2,'2019-06-23 14:14:50'),(188,NULL,2,2,'2019-06-23 14:14:50'),(189,NULL,2,2,'2019-06-23 14:14:51'),(190,NULL,2,2,'2019-06-23 14:14:51'),(191,NULL,2,2,'2019-06-23 14:14:51'),(192,NULL,2,2,'2019-06-23 14:14:52'),(193,NULL,2,2,'2019-06-23 14:14:52'),(194,NULL,2,2,'2019-06-23 14:14:52'),(195,NULL,2,2,'2019-06-23 14:14:52'),(196,NULL,2,2,'2019-06-23 14:14:53'),(197,NULL,2,2,'2019-06-23 14:14:53'),(198,NULL,2,2,'2019-06-23 14:14:53'),(199,NULL,2,2,'2019-06-23 14:14:54'),(200,NULL,2,2,'2019-06-23 14:14:54'),(201,NULL,2,2,'2019-06-23 14:14:54'),(202,NULL,2,2,'2019-06-23 14:14:54'),(203,NULL,2,2,'2019-06-23 14:14:54'),(204,NULL,2,2,'2019-06-23 14:14:55'),(205,NULL,2,2,'2019-06-23 14:15:00'),(206,NULL,2,2,'2019-06-23 14:15:00'),(207,NULL,2,2,'2019-06-23 14:15:01'),(208,NULL,2,2,'2019-06-23 14:15:01'),(209,NULL,2,2,'2019-06-23 14:15:01'),(210,NULL,2,2,'2019-06-23 14:15:01'),(211,NULL,2,2,'2019-06-23 14:15:02'),(212,NULL,2,2,'2019-06-23 14:15:02'),(213,NULL,2,2,'2019-06-23 14:15:02'),(214,NULL,2,2,'2019-06-23 14:15:03'),(215,NULL,2,2,'2019-06-23 14:15:03'),(216,NULL,2,2,'2019-06-23 14:15:03'),(217,NULL,2,2,'2019-06-23 14:15:04'),(218,NULL,2,2,'2019-06-23 14:15:04'),(219,NULL,2,2,'2019-06-23 14:15:04'),(220,NULL,2,2,'2019-06-23 14:15:04'),(221,NULL,2,2,'2019-06-23 14:15:05'),(222,NULL,2,2,'2019-06-23 14:15:05'),(223,NULL,2,2,'2019-06-23 14:15:05'),(224,NULL,2,2,'2019-06-23 14:15:05'),(225,NULL,2,2,'2019-06-23 14:15:36'),(226,NULL,2,2,'2019-06-23 14:15:36'),(227,NULL,2,2,'2019-06-23 14:15:36'),(228,NULL,2,2,'2019-06-23 14:15:37'),(229,NULL,2,2,'2019-06-23 14:15:37'),(230,NULL,2,2,'2019-06-23 14:15:37'),(231,NULL,2,2,'2019-06-23 14:15:37'),(232,NULL,2,2,'2019-06-23 14:15:38'),(233,NULL,2,2,'2019-06-23 14:15:38'),(234,NULL,2,2,'2019-06-23 14:15:38'),(235,NULL,2,2,'2019-06-23 14:15:38'),(236,NULL,2,2,'2019-06-23 14:15:39'),(237,NULL,2,2,'2019-06-23 14:15:39'),(238,NULL,2,2,'2019-06-23 14:15:39'),(239,NULL,2,2,'2019-06-23 14:15:39'),(240,NULL,2,2,'2019-06-23 14:15:40'),(241,NULL,2,2,'2019-06-23 14:15:40'),(242,NULL,2,2,'2019-06-23 14:15:40'),(243,NULL,2,2,'2019-06-23 14:15:41'),(244,NULL,2,2,'2019-06-23 14:15:41'),(245,NULL,2,2,'2019-06-23 14:16:41'),(246,NULL,2,2,'2019-06-23 14:16:41'),(247,NULL,2,2,'2019-06-23 14:16:41'),(248,NULL,2,2,'2019-06-23 14:16:42'),(249,NULL,2,2,'2019-06-23 14:16:42'),(250,NULL,2,2,'2019-06-23 14:16:42'),(251,NULL,2,2,'2019-06-23 14:16:43'),(252,NULL,2,2,'2019-06-23 14:16:43'),(253,NULL,2,2,'2019-06-23 14:16:43'),(254,NULL,2,2,'2019-06-23 14:16:43'),(255,NULL,2,2,'2019-06-23 14:16:44'),(256,NULL,2,2,'2019-06-23 14:16:44'),(257,NULL,2,2,'2019-06-23 14:16:44'),(258,NULL,2,2,'2019-06-23 14:16:45'),(259,NULL,2,2,'2019-06-23 14:16:45'),(260,NULL,2,2,'2019-06-23 14:16:45'),(261,NULL,2,2,'2019-06-23 14:16:45'),(262,NULL,2,2,'2019-06-23 14:16:46'),(263,NULL,2,2,'2019-06-23 14:16:46'),(264,NULL,2,2,'2019-06-23 14:16:46'),(265,NULL,2,2,'2019-06-23 14:16:51'),(266,NULL,2,2,'2019-06-23 14:16:51'),(267,NULL,2,2,'2019-06-23 14:16:51'),(268,NULL,2,2,'2019-06-23 14:16:52'),(269,NULL,2,2,'2019-06-23 14:16:52'),(270,NULL,2,2,'2019-06-23 14:16:52'),(271,NULL,2,2,'2019-06-23 14:16:53'),(272,NULL,2,2,'2019-06-23 14:16:53'),(273,NULL,2,2,'2019-06-23 14:16:53'),(274,NULL,2,2,'2019-06-23 14:16:54'),(275,NULL,2,2,'2019-06-23 14:16:54'),(276,NULL,2,2,'2019-06-23 14:16:54'),(277,NULL,2,2,'2019-06-23 14:16:54'),(278,NULL,2,2,'2019-06-23 14:16:55'),(279,NULL,2,2,'2019-06-23 14:16:55'),(280,NULL,2,2,'2019-06-23 14:16:55'),(281,NULL,2,2,'2019-06-23 14:16:55'),(282,NULL,2,2,'2019-06-23 14:16:55'),(283,NULL,2,2,'2019-06-23 14:16:56'),(284,NULL,2,2,'2019-06-23 14:16:56'),(285,NULL,2,2,'2019-06-23 14:17:25'),(286,NULL,2,2,'2019-06-23 14:17:25'),(287,NULL,2,2,'2019-06-23 14:17:25'),(288,NULL,2,2,'2019-06-23 14:17:26'),(289,NULL,2,2,'2019-06-23 14:17:26'),(290,NULL,2,2,'2019-06-23 14:17:26'),(291,NULL,2,2,'2019-06-23 14:17:27'),(292,NULL,2,2,'2019-06-23 14:17:27'),(293,NULL,2,2,'2019-06-23 14:17:27'),(294,NULL,2,2,'2019-06-23 14:17:27'),(295,NULL,2,2,'2019-06-23 14:17:27'),(296,NULL,2,2,'2019-06-23 14:17:28'),(297,NULL,2,2,'2019-06-23 14:17:28'),(298,NULL,2,2,'2019-06-23 14:17:28'),(299,NULL,2,2,'2019-06-23 14:17:29'),(300,NULL,2,2,'2019-06-23 14:17:29'),(301,NULL,2,2,'2019-06-23 14:17:29'),(302,NULL,2,2,'2019-06-23 14:17:30'),(303,NULL,2,2,'2019-06-23 14:17:30'),(304,NULL,2,2,'2019-06-23 14:17:30'),(305,NULL,2,2,'2019-06-23 14:18:37'),(306,NULL,2,2,'2019-06-23 14:18:37'),(307,NULL,2,2,'2019-06-23 14:18:38'),(308,NULL,2,2,'2019-06-23 14:18:38'),(309,NULL,2,2,'2019-06-23 14:18:38'),(310,NULL,2,2,'2019-06-23 14:18:39'),(311,NULL,2,2,'2019-06-23 14:18:39'),(312,NULL,2,2,'2019-06-23 14:18:39'),(313,NULL,2,2,'2019-06-23 14:18:39'),(314,NULL,2,2,'2019-06-23 14:18:40'),(315,NULL,2,2,'2019-06-23 14:18:40'),(316,NULL,2,2,'2019-06-23 14:18:40'),(317,NULL,2,2,'2019-06-23 14:18:40'),(318,NULL,2,2,'2019-06-23 14:18:41'),(319,NULL,2,2,'2019-06-23 14:18:41'),(320,NULL,2,2,'2019-06-23 14:18:41'),(321,NULL,2,2,'2019-06-23 14:18:41'),(322,NULL,2,2,'2019-06-23 14:18:42'),(323,NULL,2,2,'2019-06-23 14:18:42'),(324,NULL,2,2,'2019-06-23 14:18:42'),(325,'111',2,2,'2019-06-23 14:19:08'),(326,'12345',2,2,'2019-06-23 14:19:11');

/*Table structure for table `movie` */

DROP TABLE IF EXISTS `movie`;

CREATE TABLE `movie` (
  `id` int(11) NOT NULL AUTO_INCREMENT,
  `title` varchar(255) DEFAULT NULL,
  `url` varchar(255) DEFAULT NULL,
  `info` text,
  `logo` varchar(255) DEFAULT NULL,
  `star` smallint(6) DEFAULT NULL,
  `playnum` bigint(20) DEFAULT NULL,
  `commentnum` bigint(20) DEFAULT NULL,
  `tag_id` int(11) DEFAULT NULL,
  `area` varchar(255) DEFAULT NULL,
  `release_time` date DEFAULT NULL,
  `length` varchar(100) DEFAULT NULL,
  `addtime` datetime DEFAULT NULL,
  PRIMARY KEY (`id`),
  UNIQUE KEY `title` (`title`),
  UNIQUE KEY `url` (`url`),
  UNIQUE KEY `logo` (`logo`),
  KEY `tag_id` (`tag_id`),
  KEY `ix_movie_addtime` (`addtime`),
  CONSTRAINT `movie_ibfk_1` FOREIGN KEY (`tag_id`) REFERENCES `tag` (`id`)
) ENGINE=InnoDB AUTO_INCREMENT=3 DEFAULT CHARSET=utf8;

/*Data for the table `movie` */

insert  into `movie`(`id`,`title`,`url`,`info`,`logo`,`star`,`playnum`,`commentnum`,`tag_id`,`area`,`release_time`,`length`,`addtime`) values (2,'33333','201906171714289b58ee832e1b4d1d8f8533beb9b6c735.mp4','43','20190612214730a859259201414e5e879791d748902622.jpg',2,406,325,10,'4','2019-06-20','4444','2019-06-12 21:06:54');

/*Table structure for table `moviecol` */

DROP TABLE IF EXISTS `moviecol`;

CREATE TABLE `moviecol` (
  `id` int(11) NOT NULL AUTO_INCREMENT,
  `movie_id` int(11) DEFAULT NULL,
  `user_id` int(11) DEFAULT NULL,
  `addtime` datetime DEFAULT NULL,
  PRIMARY KEY (`id`),
  KEY `movie_id` (`movie_id`),
  KEY `user_id` (`user_id`),
  KEY `ix_moviecol_addtime` (`addtime`),
  CONSTRAINT `moviecol_ibfk_1` FOREIGN KEY (`movie_id`) REFERENCES `movie` (`id`),
  CONSTRAINT `moviecol_ibfk_2` FOREIGN KEY (`user_id`) REFERENCES `user` (`id`)
) ENGINE=InnoDB AUTO_INCREMENT=2 DEFAULT CHARSET=utf8;

/*Data for the table `moviecol` */

insert  into `moviecol`(`id`,`movie_id`,`user_id`,`addtime`) values (1,2,2,'2019-06-23 14:35:00');

/*Table structure for table `oplog` */

DROP TABLE IF EXISTS `oplog`;

CREATE TABLE `oplog` (
  `id` int(11) NOT NULL AUTO_INCREMENT,
  `admin_id` int(11) DEFAULT NULL,
  `ip` varchar(100) DEFAULT NULL,
  `reason` varchar(600) DEFAULT NULL,
  `addtime` datetime DEFAULT NULL,
  PRIMARY KEY (`id`),
  KEY `admin_id` (`admin_id`),
  KEY `ix_oplog_addtime` (`addtime`),
  CONSTRAINT `oplog_ibfk_1` FOREIGN KEY (`admin_id`) REFERENCES `admin` (`id`)
) ENGINE=InnoDB AUTO_INCREMENT=1272 DEFAULT CHARSET=utf8;

/*Data for the table `oplog` */

insert  into `oplog`(`id`,`admin_id`,`ip`,`reason`,`addtime`) values (1270,1,NULL,'添加标签111222','2019-06-17 22:18:47'),(1271,1,'127.0.0.1','添加标签ffff','2019-06-17 22:21:02');

/*Table structure for table `preview` */

DROP TABLE IF EXISTS `preview`;

CREATE TABLE `preview` (
  `id` int(11) NOT NULL AUTO_INCREMENT,
  `title` varchar(255) DEFAULT NULL,
  `logo` varchar(255) DEFAULT NULL,
  `addtime` datetime DEFAULT NULL,
  PRIMARY KEY (`id`),
  UNIQUE KEY `title` (`title`),
  UNIQUE KEY `logo` (`logo`),
  KEY `ix_preview_addtime` (`addtime`)
) ENGINE=InnoDB AUTO_INCREMENT=5 DEFAULT CHARSET=utf8;

/*Data for the table `preview` */

insert  into `preview`(`id`,`title`,`logo`,`addtime`) values (1,'11111','20190617175956e8e63c225c5149a0a29f47f7a01536e9.jpg','2019-06-17 17:59:57'),(3,'2222','2019061718022823ce92e6de1d40ec8fa3bfad10983aae.jpg','2019-06-17 18:02:28'),(4,'3333','20190617181903bce0c47c73b5485994432e83ad78cca6.png','2019-06-17 18:03:58');

/*Table structure for table `role` */

DROP TABLE IF EXISTS `role`;

CREATE TABLE `role` (
  `id` int(11) NOT NULL AUTO_INCREMENT,
  `name` varchar(100) DEFAULT NULL,
  `auths` varchar(600) DEFAULT NULL,
  `addtime` datetime DEFAULT NULL,
  PRIMARY KEY (`id`),
  UNIQUE KEY `name` (`name`),
  KEY `ix_role_addtime` (`addtime`)
) ENGINE=InnoDB AUTO_INCREMENT=2 DEFAULT CHARSET=utf8;

/*Data for the table `role` */

insert  into `role`(`id`,`name`,`auths`,`addtime`) values (1,'超级管理员','1,2','2019-05-19 07:52:52');

/*Table structure for table `tag` */

DROP TABLE IF EXISTS `tag`;

CREATE TABLE `tag` (
  `id` int(11) NOT NULL AUTO_INCREMENT,
  `name` varchar(100) DEFAULT NULL,
  `addtime` datetime DEFAULT NULL,
  PRIMARY KEY (`id`),
  UNIQUE KEY `name` (`name`),
  KEY `ix_tag_addtime` (`addtime`)
) ENGINE=InnoDB AUTO_INCREMENT=16 DEFAULT CHARSET=utf8;

/*Data for the table `tag` */

insert  into `tag`(`id`,`name`,`addtime`) values (8,'2222','2019-06-08 17:25:38'),(9,'3333','2019-06-08 17:25:40'),(10,'4444','2019-06-08 17:25:42'),(11,'55554','2019-06-08 17:25:43'),(12,'111','2019-06-10 20:21:37'),(13,'111222','2019-06-17 22:18:47'),(14,'44444','2019-06-17 22:18:52'),(15,'ffff','2019-06-17 22:21:02');

/*Table structure for table `user` */

DROP TABLE IF EXISTS `user`;

CREATE TABLE `user` (
  `id` int(11) NOT NULL AUTO_INCREMENT,
  `name` varchar(100) DEFAULT NULL,
  `pwd` varchar(100) DEFAULT NULL,
  `email` varchar(100) DEFAULT NULL,
  `phone` varchar(11) DEFAULT NULL,
  `info` text,
  `face` varchar(255) DEFAULT NULL,
  `addtime` datetime DEFAULT NULL,
  `uuid` varchar(255) DEFAULT NULL,
  PRIMARY KEY (`id`),
  UNIQUE KEY `name` (`name`),
  UNIQUE KEY `email` (`email`),
  UNIQUE KEY `phone` (`phone`),
  UNIQUE KEY `face` (`face`),
  UNIQUE KEY `uuid` (`uuid`),
  KEY `ix_user_addtime` (`addtime`)
) ENGINE=InnoDB AUTO_INCREMENT=3 DEFAULT CHARSET=utf8;

/*Data for the table `user` */

insert  into `user`(`id`,`name`,`pwd`,`email`,`phone`,`info`,`face`,`addtime`,`uuid`) values (1,'2','1','1','1','111','(NULL)1','2019-06-17 21:48:11','123'),(2,'zx','pbkdf2:sha256:150000$YCFbZDqI$08df9f0e361b4284c5a8acebb320554d2a426806ee8a43bd25273964d0db1cce','694948443@qq.com','13012341234','333444','20190621120036f9813c7d419d4d4b8752de2b5376059c.jpg','2019-06-20 11:11:53','433168fdf1d6473cb2c6079f4499aa79');

/*Table structure for table `userlog` */

DROP TABLE IF EXISTS `userlog`;

CREATE TABLE `userlog` (
  `id` int(11) NOT NULL AUTO_INCREMENT,
  `user_id` int(11) DEFAULT NULL,
  `ip` varchar(100) DEFAULT NULL,
  `addtime` datetime DEFAULT NULL,
  PRIMARY KEY (`id`),
  KEY `user_id` (`user_id`),
  KEY `ix_userlog_addtime` (`addtime`),
  CONSTRAINT `userlog_ibfk_1` FOREIGN KEY (`user_id`) REFERENCES `user` (`id`)
) ENGINE=InnoDB AUTO_INCREMENT=12 DEFAULT CHARSET=utf8;

/*Data for the table `userlog` */

insert  into `userlog`(`id`,`user_id`,`ip`,`addtime`) values (1,2,'127.0.0.1','2019-06-20 11:29:36'),(2,2,'127.0.0.1','2019-06-20 11:30:05'),(3,2,'127.0.0.1','2019-06-20 11:30:31'),(4,2,'127.0.0.1','2019-06-20 11:30:42'),(5,2,'127.0.0.1','2019-06-20 11:30:55'),(6,2,'127.0.0.1','2019-06-21 10:39:51'),(7,2,'127.0.0.1','2019-06-21 10:43:34'),(8,2,'127.0.0.1','2019-06-21 11:48:54'),(9,2,'127.0.0.1','2019-06-21 11:57:02'),(10,2,'127.0.0.1','2019-06-22 11:27:58'),(11,2,'127.0.0.1','2019-06-23 14:14:39');

/*!40101 SET SQL_MODE=@OLD_SQL_MODE */;
/*!40014 SET FOREIGN_KEY_CHECKS=@OLD_FOREIGN_KEY_CHECKS */;
/*!40014 SET UNIQUE_CHECKS=@OLD_UNIQUE_CHECKS */;
/*!40111 SET SQL_NOTES=@OLD_SQL_NOTES */;
